playerID,nameLast,nameGiven,debut
deshide01,DeShields,Delino Lamont,1990-04-09
hiltoho01,Hilton,Howard James,1990-04-09
layanti01,Layana,Timothy Joseph,1990-04-09
radinsc01,Radinsky,Scott David,1990-04-09
rohdeda01,Rohde,David Grant,1990-04-09
ruskisc01,Ruskin,Scott Drew,1990-04-09
bohanbr01,Bohanon,Brian Edward,1990-04-10
knackbr01,Knackert,Brent Bradley,1990-04-10
sampebi01,Sampen,William Albert,1990-04-10
blairwi01,Blair,William Allen,1990-04-11
bordimi01,Bordick,Michael Todd,1990-04-11
gundeer01,Gunderson,Eric Andrew,1990-04-11
hollida01,Hollins,David Michael,1990-04-12
kieckda01,Kiecker,Dana Ervin,1990-04-12
grebecr01,Grebeck,Craig Allen,1990-04-13
baergca01,Baerga,Carlos Obed,1990-04-14
millsal01,Mills,Alan Bernard,1990-04-14
wapnist01,Wapnick,Steven Lee,1990-04-14
bearske01,Bearse,Kevin Gerard,1990-04-15
valdera01,Valdez,Rafael Emilio,1990-04-18
manonra01,Manon,Ramon,1990-04-19
hernaca01,Hernandez,Carlos Alberto,1990-04-20
grosski01,Gross,Kip Lee,1990-04-21
traxlbr01,Traxler,Brian Lee,1990-04-24
carrch02,Carr,Charles Lee Glenn,1990-04-28
irvinda01,Irvine,Daryl Keith,1990-04-28
kutzlje01,Kutzler,Jerry Scott,1990-04-28
mccraro01,McCray,Rodney Duncan,1990-04-30
shawje01,Shaw,Jeffrey Lee,1990-04-30
reedda01,Reed,Darren A. Douglass,1990-05-01
shumpte01,Shumpert,Terrance Darnell,1990-05-01
bellmi01,Bell,Michael Allen,1990-05-02
parkeri01,Parker,Richard Alan,1990-05-04
diazca02,Diaz,Carlos Francisco,1990-05-08
seguida01,Segui,David Vincent,1990-05-08
goffje01,Goff,Jerry Leroy,1990-05-15
hundlto01,Hundley,Todd Randolph,1990-05-18
boskish01,Boskie,Shawn Kealoha,1990-05-20
baldwje01,Baldwin,Jeffrey Allen,1990-05-22
sprinst01,Springer,Steven Michael,1990-05-22
hoovejo02,Hoover,John Nicklaus,1990-05-23
vatchji01,Vatcher,James Ernest,1990-05-30
villahe01,Villanueva,Hector,1990-06-01
liddeda01,Liddell,David Alexander,1990-06-03
kremeji01,Kremers,James Edward,1990-06-05
gilleto02,Gilles,Thomas Bradford,1990-06-07
mantoje01,Manto,Jeffrey Paul,1990-06-07
leyriji01,Leyritz,James Joseph,1990-06-08
nabhoch01,Nabholz,Christopher William,1990-06-11
averyst01,Avery,Steven Thomas,1990-06-13
ortizja01,Ortiz,Javier Victor,1990-06-15
pooleji02,Poole,James Richard,1990-06-15
howarst01,Howard,Steven Bernard,1990-06-16
ericksc01,Erickson,Scott Gavin,1990-06-25
merceor01,Merced,Orlando Luis,1990-06-27
maaske01,Maas,Kevin Christian,1990-06-29
nagych01,Nagy,Charles Harrison,1990-06-29
rodriri02,Rodriguez,Richard Anthony,1990-06-30
farmeho01,Farmer,Howard Earl,1990-07-02
howarth01,Howard,Thomas Sylvester,1990-07-03
wellste01,Wells,Terry,1990-07-03
harrire01,Harris,Reginald Allen,1990-07-04
frymatr01,Fryman,David Travis,1990-07-07
whitema01,Whiten,Mark Anthony,1990-07-12
sojolu01,Sojo,Luis Beltran,1990-07-14
youngcl01,Young,Clifford Raphael,1990-07-14
naehrti01,Naehring,Timothy James,1990-07-15
hammoch01,Hammond,Christopher Andrew,1990-07-16
stevele01,Stevens,DeWain Lee,1990-07-16
azocaos01,Azocar,Oscar Gregorio,1990-07-17
stottme02,Stottlemyre,Melvin Leon,1990-07-17
canseoz01,Canseco,Osvaldo,1990-07-18
leonama01,Leonard,Mark David,1990-07-21
leitema01,Leiter,Mark Edward,1990-07-24
aloumo01,Alou,Moises Rojas,1990-07-26
brownke03,Brown,Kevin Dewayne,1990-07-27
coleal01,Cole,Alexander,1990-07-27
encarlu01,Encarnacion,Luis Martin Lora,1990-07-27
wardco02,Ward,Robert Colby,1990-07-27
bitkejo01,Bitker,Joseph Anthony,1990-07-31
novoara01,Novoa,Rafael Angel,1990-07-31
neidlji01,Neidlinger,James Llewellyn,1990-08-01
rojasme01,Rojas,Melquiades,1990-08-01
fernaal01,Fernandez,Alexander,1990-08-02
thomafr04,Thomas,Frank Edward,1990-08-02
grahejo01,Grahe,Joseph Milton,1990-08-04
tomlira01,Tomlin,Randy Leon,1990-08-06
mcraebr01,McRae,Brian Wesley,1990-08-07
rhodeka01,Rhodes,Karl Derrick,1990-08-07
dicksla01,Dickson,Lance Michael,1990-08-09
valdeef01,Valdez,Efrain Antonio,1990-08-13
walshda01,Walsh,David Peter,1990-08-13
macdobo01,Macdonald,Robert Joseph,1990-08-14
sherrti01,Sherrill,Timothy Shawn,1990-08-14
yorkmi01,York,Michael David,1990-08-17
coachpe01,Coachman,Bobby Dean,1990-08-18
olivaom01,Olivares,Omar,1990-08-18
offerjo01,Offerman,Jose Antonio,1990-08-19
telfoan01,Telford,Anthony Charles,1990-08-19
martiti02,Martinez,Constantino,1990-08-20
abbotpa01,Abbott,Paul David,1990-08-21
campbji03,Campbell,James Marcus,1990-08-21
lankfra01,Lankford,Raymond Lewis,1990-08-21
lewisda01,Lewis,Darren Joel,1990-08-21
pavlada01,Pavlas,David Lee,1990-08-21
plantph01,Plantier,Phillip Alan,1990-08-21
deweyma01,Dewey,Mark Alan,1990-08-24
chambwe01,Chamberlain,Wesley Polk,1990-08-31
holmeda01,Holmes,Darren Lee,1990-09-01
marakpa01,Marak,Paul Patrick,1990-09-01
moranmi01,Morandini,Michael Robert,1990-09-01
munozpe01,Munoz,Pedro Javier,1990-09-01
valerju01,Valera,Julio Enrique,1990-09-01
cedenan01,Cedeno,Andujar,1990-09-02
mcclepa01,McClellan,Paul William,1990-09-02
osunaal01,Osuna,Alfonso,1990-09-02
baezke01,Baez,Kevin Richard,1990-09-03
belchke01,Belcher,Kevin Donnell,1990-09-03
haselbi01,Haselman,William Joseph,1990-09-03
leete01,Lee,Terry James,1990-09-03
leiussc01,Leius,Scott Thomas,1990-09-03
mcintti01,McIntosh,Timothy Allen,1990-09-03
gilkebe01,Gilkey,Otis Bernard,1990-09-04
gonzalu01,Gonzalez,Luis Emilio,1990-09-04
quinlto01,Quinlan,Thomas Raymond,1990-09-04
brewero01,Brewer,Rodney Lee,1990-09-05
chiamsc01,Chiamparino,Scott Michael,1990-09-05
chitrst01,Chitren,Stephen Vincent,1990-09-05
coopesc01,Cooper,Scott Kendrick,1990-09-05
penage01,Pena,Geronimo,1990-09-05
perezmi01,Perez,Michael Irvin,1990-09-05
simmsmi01,Simms,Michael Howard,1990-09-05
cuylemi01,Cuyler,Milton,1990-09-06
fariepa01,Faries,Paul Tyrrell,1990-09-06
malonch02,Malone,Charles Ray,1990-09-06
mayde01,May,Derrick Brant,1990-09-06
rosarvi01,Rosario,Victor Manuel,1990-09-06
rowlari01,Rowland,Richard Garnet,1990-09-07
burbada01,Burba,David Allen,1990-09-08
delucri01,DeLucia,Richard Anthony,1990-09-08
gardimi01,Gardiner,Michael James,1990-09-08
aldresc01,Aldred,Scott Phillip,1990-09-09
alexage01,Alexander,Gerald Paul,1990-09-09
casiala01,Casian,Lawrence Paul,1990-09-09
elvirna01,Elvira,Narciso Chicho,1990-09-09
wagnehe02,Wagner,Hector Raul Guerrero,1990-09-10
wardtu01,Ward,Turner Max,1990-09-10
melenjo01,Melendez,Jose Luis,1990-09-11
adkinst01,Adkins,Steven Thomas,1990-09-12
barnebr01,Barnes,Brian Keith,1990-09-14
lopezlu01,Lopez,Luis Antonio,1990-09-14
coninje01,Conine,Jeffrey Guy,1990-09-16
hanseda01,Hansen,David Andrew,1990-09-16
maldoca02,Maldonado,Carlos Cesar,1990-09-16
santaan01,Santana,Andres Confesor,1990-09-16
berryse01,Berry,Sean Robert,1990-09-17
gomezle02,Gomez,Leonardo,1990-09-17
hennira01,Hennis,Randall Philip,1990-09-17
deckest01,Decker,Steven Michael,1990-09-18
garceri01,Garces,Richard Aron,1990-09-18
maynebr01,Mayne,Brent Danem,1990-09-18
minutgi01,Minutelli,Gino Michael,1990-09-18
smithda04,Smith,Daryl Clinton,1990-09-18
richaje02,Richardson,Jeffrey Scott,1990-09-19
garcica01,Garcia,Carlos Jesus,1990-09-20
stephra01,Stephens,Carl Ray,1990-09-20
lewissc01,Lewis,Scott Allen,1990-09-25
jelicch01,Jelic,Christopher John,1990-09-30
sutkogl01,Sutko,Glenn Edward,1990-10-03
bagweje01,Bagwell,Jeffrey Robert,1991-04-08
kileda01,Kile,Darryl Andrew,1991-04-08
scrugto01,Scruggs,Anthony Raymond,1991-04-08
timlimi01,Timlin,Michael August,1991-04-08
knoblch01,Knoblauch,Edward Charles,1991-04-09
schoupe01,Schourek,Peter Alan,1991-04-09
scottga01,Scott,Gary Thomas,1991-04-09
simondo01,Simons,Douglas Eugene,1991-04-09
slocuhe01,Slocumb,Heath,1991-04-11
slusajo01,Slusarski,Joseph Andrew,1991-04-11
allisda01,Allison,Dana Eric,1991-04-12
bouchde01,Boucher,Denis,1991-04-12
dresski01,Dressendorfer,Kirk Richard,1991-04-13
eglofbr01,Egloff,Bruce Edward,1991-04-13
escobjo01,Escobar,Jose Elias,1991-04-13
howarda02,Howard,David Wayne,1991-04-14
drahmbr01,Drahman,Brian Stacy,1991-04-16
briscjo01,Briscoe,John Eric,1991-04-18
pappaer01,Pappas,Erik Daniel,1991-04-19
riesgni01,Riesgo,Damon Nikco,1991-04-20
jonesch05,Jones,Christopher Carlos,1991-04-21
magnami01,Magnante,Michael Anthony,1991-04-22
lewisma01,Lewis,Mark David,1991-04-26
fasseje01,Fassero,Jeffrey Joseph,1991-05-04
giannra01,Giannelli,Raymond John,1991-05-04
beckro01,Beck,Rodney Roy,1991-05-06
donnech01,Donnels,Chris Barton,1991-05-07
scanlbo01,Scanlan,Robert Guy,1991-05-07
spraged02,Sprague,Edward Nelson,1991-05-07
wardke01,Ward,Kevin Michael,1991-05-10
waltobr01,Walton,Bruce Kenneth,1991-05-11
benavfr01,Benavides,Alfredo,1991-05-14
hunteji01,Hunter,James MacGregor,1991-05-17
magalev01,Magallanes,Everardo,1991-05-17
jeffere01,Jefferson,Reginald Jirod,1991-05-18
ricepa01,Rice,Patrick Edward,1991-05-18
taubeed01,Taubensee,Edward Kenneth,1991-05-18
kellypa03,Kelly,Patrick Franklin,1991-05-20
wakamdo01,Wakamatsu,Wilbur Donald,1991-05-22
carrima01,Carrillo,Matias,1991-05-23
motajo01,Mota,Jose Manuel,1991-05-24
amarari01,Amaral,Richard Louis,1991-05-27
landrce01,Landrum,Cedric Bernard,1991-05-28
newsowa01,Newson,Warren Dale,1991-05-29
daltomi01,Dalton,Michael Edward,1991-05-31
garcira03,Garcia,Ramon Antonio,1991-05-31
huntebr01,Hunter,Brian Raynold,1991-05-31
taylowa01,Taylor,Wade Eric,1991-06-02
johnsje02,Johnson,William Jeffrey,1991-06-05
wilkiri01,Wilkins,Richard David,1991-06-06
guzmaju01,Guzman,Juan Andres,1991-06-07
amaroru02,Amaro,Ruben,1991-06-08
guzmajo02,Guzman,Dionini Ramon,1991-06-08
petkoma01,Petkovsek,Mark Joseph,1991-06-08
gakelda01,Gakeler,Daniel Michael,1991-06-09
ashbyan01,Ashby,Andrew Jason,1991-06-10
piattdo01,Piatt,Douglas William,1991-06-11
gratema01,Grater,Mark Anthony,1991-06-12
jonesca01,Jones,Calvin Douglas,1991-06-14
mutisje01,Mutis,Jeffrey Thomas,1991-06-15
plympje01,Plympton,Jeffrey Hunter,1991-06-15
remlimi01,Remlinger,Michael John,1991-06-15
barbebr01,Barberie,Bret Edward,1991-06-16
rodrica01,Rodriguez,Carlos,1991-06-16
kamiesc01,Kamieniecki,Scott Andrew,1991-06-18
rodriiv01,Rodriguez,Ivan,1991-06-20
haneych01,Haney,Christopher Deane,1991-06-21
mathete01,Mathews,Terry Alan,1991-06-21
scottti01,Scott,Timothy Dale,1991-06-25
rosenwa01,Rosenthal,Wayne Scott,1991-06-26
castifr01,Castillo,Frank Anthony,1991-06-27
vaughmo01,Vaughn,Maurice Samuel,1991-06-27
bellde01,Bell,Derek Nathaniel,1991-06-28
meachru01,Meacham,Russell Loren,1991-06-29
brownja03,Brown,Jarvis Ardel,1991-07-02
davisma02,Davis,Mark Anthony,1991-07-02
renfrla01,Renfroe,Cohen Willams,1991-07-03
austiji02,Austin,James Parker,1991-07-04
martich01,Martinez,Reyenaldo Ignacio,1991-07-05
mortoke01,Morton,Kevin Joseph,1991-07-05
carream01,Carreno,Amalio Rafael,1991-07-07
mauseti01,Mauser,Timothy Edward,1991-07-07
willibe02,Williams,Bernabe,1991-07-07
servasc01,Servais,Scott Daniel,1991-07-12
henrydo01,Henry,Richard Douglas,1991-07-15
wehnejo01,Wehner,John Paul,1991-07-17
spehrti01,Spehr,Timothy Joseph,1991-07-18
campbke01,Campbell,Kevin Wade,1991-07-19
livinsc01,Livingstone,Scott Louis,1991-07-19
beaslch01,Beasley,Christopher Charles,1991-07-20
bowenry01,Bowen,Ryan Eugene,1991-07-22
banisje01,Banister,Jeffery Todd,1991-07-23
mitchke02,Mitchell,Keith Alexander,1991-07-23
hickebr01,Hickerson,Bryan David,1991-07-25
kielyjo01,Kiely,John Francis,1991-07-26
neaglde01,Neagle,Dennis Edward,1991-07-27
tolenjo01,Tolentino,Jose,1991-07-28
humphmi01,Humphreys,Michael Butler,1991-07-29
jonesst02,Jones,Joseph Stacy,1991-07-30
millepa01,Miller,Paul Robert,1991-07-30
bankswi01,Banks,Willie Anthony,1991-07-31
carteje01,Carter,Jeffrey Allen,1991-07-31
hillmi01,Hill,Milton Giles,1991-08-01
weathda01,Weathers,John David,1991-08-02
wainhda01,Wainhouse,David Paul,1991-08-03
mussimi01,Mussina,Michael Cole,1991-08-04
youngan01,Young,Anthony Wayne,1991-08-05
flemida01,Fleming,David Anthony,1991-08-06
brosisc01,Brosius,Scott David,1991-08-07
eusebto01,Eusebio,Raul Antonio Bare,1991-08-08
hernajo01,Hernandez,Jose Antonio,1991-08-09
lewisji02,Lewis,James Steven,1991-08-09
sanfomo01,Sanford,Meredith Leroy,1991-08-09
fajarhe01,Fajardo,Hector,1991-08-10
pulliha01,Pulliam,Harvey Jerome,1991-08-10
bonesri01,Bones,Ricardo Ricky,1991-08-11
reynoar02,Reynoso,Armando Martin,1991-08-11
cormirh01,Cormier,Rheal Paul,1991-08-15
cronch01,Cron,Christopher John,1991-08-15
wohlema01,Wohlers,Mark Edward,1991-08-17
castibr01,Castillo,Braulio Robinson Medrano,1991-08-18
rhodear01,Rhodes,Arthur Lee,1991-08-21
fostest01,Foster,Steven Eugene,1991-08-22
ignasmi01,Ignasiak,Michael James,1991-08-22
sandere02,Sanders,Reginald Laverne,1991-08-22
witmero01,Witmeyer,Ronald Herman,1991-08-25
mcdante01,McDaniel,Terrence Keith,1991-08-30
motaan01,Mota,Andres Alberto,1991-08-31
castivi02,Castilla,Vinicio,1991-09-01
goodwto01,Goodwin,Thomas Jones,1991-09-01
heredgi01,Heredia,Gilbert,1991-09-01
karroer01,Karros,Eric Peter,1991-09-01
hernaje02,Hernandez,Jeremy Stuart,1991-09-02
hernaro01,Hernandez,Roberto Manuel,1991-09-02
zoskyed01,Zosky,Edward James,1991-09-02
beltres01,Beltre,Esteban,1991-09-03
brantcl01,Brantley,Clifford,1991-09-03
bullesc01,Bullett,Scott Douglas,1991-09-03
dreesto01,Drees,Thomas Kent,1991-09-03
hentgpa01,Hentgen,Patrick George,1991-09-03
brosste01,Bross,Terrance Paul,1991-09-04
harrido01,Harris,Donald,1991-09-04
thomeji01,Thome,James Howard,1991-09-04
woodte01,Wood,Edward Robert,1991-09-04
colest01,Cole,Stewart Bryan,1991-09-05
horsmvi01,Horsman,Vincent Stanley Joseph,1991-09-05
johnsjo06,Johnston,Joel Raymond,1991-09-05
knorrra01,Knorr,Randy Duane,1991-09-05
moorebo02,Moore,Robert Vincent,1991-09-05
clarkma01,Clark,Mark Willard,1991-09-06
farismo01,Fariss,Monty Ted,1991-09-06
haresh01,Hare,Shawn Robert,1991-09-06
manueba01,Manuel,Barry Paul,1991-09-06
vandejo02,Vander Wal,John Henry,1991-09-06
delarfr01,de la Rosa,Francisco,1991-09-07
pedrejo01,Pedre,Jorge Enrique,1991-09-07
zupcibo01,Zupcic,Robert,1991-09-07
batiski01,Batiste,Kimothy Emil,1991-09-08
haasda01,Haas,Robert David,1991-09-08
maurero01,Maurer,Robert John,1991-09-08
mercelu01,Mercedes,Luis Roberto,1991-09-08
sanchre01,Sanchez,Rey Francisco,1991-09-08
kiserga01,Kiser,Garland Routhard,1991-09-09
abbotky01,Abbott,Lawrence Kyle,1991-09-10
chrismi02,Christopher,Michael Wayne,1991-09-10
corbiar01,Corbin,Archie Ray,1991-09-10
gardnch01,Gardner,Christopher John,1991-09-10
gardnje01,Gardner,Jeffrey Scott,1991-09-10
rossyri01,Rossy,Elam Jose,1991-09-11
royerst01,Royer,Stanley Dean,1991-09-11
tackeje01,Tackett,Jeffrey Wilson,1991-09-11
vanpoto01,Van Poppel,Todd Matthew,1991-09-11
kirbywa01,Kirby,Wayne Leonard,1991-09-12
krameto01,Kramer,Thomas Joseph,1991-09-12
loftoke01,Lofton,Kenneth,1991-09-14
coopega02,Cooper,Gary Clifton,1991-09-15
howarch01,Howard,Christopher Hugh,1991-09-15
judenje01,Juden,Jeffrey Daniel,1991-09-15
lennopa01,Lennon,Patrick Orlando,1991-09-15
willibr01,Williams,Brian O'Neal,1991-09-16
housiwa01,Housie,Wayne Tyrone,1991-09-17
ramosjo01,Ramos,John Joseph,1991-09-18
claytro01,Clayton,Royce Spencer,1991-09-20
olandji01,Olander,James Bentley,1991-09-20
chapida01,Chapin,Darrin John,1991-09-21
eldreca01,Eldred,Calvin John,1991-09-24
florake01,Flora,Kevin Scot,1991-09-27
perezyo01,Perez,Yorkis Miguel Vargas,1991-09-30
georgch01,George,Christopher Sean,1991-10-01
manzajo01,Manzanillo,Josias,1991-10-05
wedgeer01,Wedge,Eric Michael,1991-10-05
lindsdo01,Lindsey,Michael Douglas,1991-10-06
brumfja01,Brumfield,Jacob Donnell,1992-04-06
colbecr01,Colbert,Craig Charles,1992-04-06
pattejo01,Patterson,John Allen,1992-04-06
cianfar01,Cianfrocco,Angelo Dominic,1992-04-08
curtich01,Curtis,Chad David,1992-04-08
doherjo02,Doherty,John Harold,1992-04-08
jordabr01,Jordan,Brian O'Neal,1992-04-08
listapa01,Listach,Patrick Alan,1992-04-08
pegueju01,Peguero,Julio Cesar,1992-04-08
trlicri01,Trlicek,Richard Alan,1992-04-08
guerrju01,Guerrero,Juan Antonio,1992-04-09
henrybu01,Henry,Floyd Bluford,1992-04-09
mcnamji01,McNamara,James Patrick,1992-04-09
osbordo01,Osborne,Donovan Alan,1992-04-09
riverbe01,Rivera,Bienvenido,1992-04-09
suerowi01,Suero,Williams,1992-04-09
batismi01,Batista,Miguel Jerez,1992-04-11
hoype01,Hoy,Peter Alexander,1992-04-11
stankan01,Stankiewicz,Andrew Neal,1992-04-11
bransje01,Branson,Jeffery Glenn,1992-04-12
flahejo01,Flaherty,John Timothy,1992-04-12
groteje02,Grotewold,Jeffrey Scott,1992-04-12
kentje01,Kent,Jeffrey Franklin,1992-04-12
mahompa01,Mahomes,Patrick Lavon,1992-04-12
nelsoje01,Nelson,Jeffrey Allan,1992-04-16
sprinru01,Springer,Russell Paul,1992-04-17
pichahi01,Pichardo,Hipolito Antonio,1992-04-21
mercehe01,Mercedes,Henry Felipe,1992-04-22
levisje01,Levis,Jesse,1992-04-24
silveda01,Silvestri,David Joseph,1992-04-27
pavliro01,Pavlik,Roger Allen,1992-05-02
doziedj01,Dozier,William Henry,1992-05-06
ariasal01,Arias,Alejandro,1992-05-12
rebouje01,Reboulet,Jeffrey Allen,1992-05-12
heffebe01,Heffernan,Bertram Alexander,1992-05-13
scarsst01,Scarsone,Steven Wayne,1992-05-15
knudsku01,Knudsen,Kurt David,1992-05-16
brinkbr01,Brink,Bradford Albert,1992-05-17
figuebi01,Figueroa,Bienvenido,1992-05-17
hillmer01,Hillman,John Eric,1992-05-18
nilssda01,Nilsson,David Wayne,1992-05-18
bulliji01,Bullinger,James Eric,1992-05-27
clarkph02,Clark,Phillip Benjamin,1992-05-27
stairma01,Stairs,Matthew Wade,1992-05-29
neeltr01,Neel,Troy Lee,1992-05-30
walteda01,Walters,Daniel Gene,1992-06-01
seminfr01,Seminara,Frank Peter,1992-06-02
bruetjt01,Bruett,Joseph Timothy,1992-06-03
mcginru01,McGinnis,Russell Brent,1992-06-03
marshto01,Marsh,Thomas Owen,1992-06-05
youngpe02,Young,Bryan Owen,1992-06-05
colevi01,Cole,Victor Alexander,1992-06-06
leonda01,Leon,Danilo Enrique,1992-06-06
ayraubo01,Ayrault,Robert Cunningham,1992-06-07
hurstjo01,Hurst,Jonathan,1992-06-09
jetersh01,Jeter,Shawn Darrell,1992-06-13
tuckeed01,Tucker,Eddie Jack,1992-06-14
walkemi02,Walker,Michael Aaron,1992-06-16
groombu01,Groom,Wedsel Gary,1992-06-20
menento01,Menendez,Antonio Gustavo,1992-06-22
peltida01,Peltier,Daniel Edward,1992-06-26
pennywi01,Pennyfeather,William Nathaniel,1992-06-27
kosloke01,Koslofski,Kevin Craig,1992-06-28
willimi03,Williams,Michael Darren,1992-06-30
astacpe01,Astacio,Pedro Julio,1992-07-03
shiffst01,Shifflett,Stephen Earl,1992-07-03
rodrihe02,Rodriguez,Henry Anderson,1992-07-05
botteke01,Bottenfield,Kent Dennis,1992-07-06
butchmi01,Butcher,Michael Dana,1992-07-06
foxer01,Fox,Eric Hollis,1992-07-07
penaji01,Pena,James Patrick,1992-07-07
maysema01,Maysey,Matthew Samuel,1992-07-08
rislebi01,Risley,William Charles,1992-07-08
colbrgr01,Colbrunn,Gregory Joseph,1992-07-09
fryeje01,Frye,Jeffrey Dustin,1992-07-09
jahajo01,Jaha,John Emil,1992-07-09
howelpa01,Howell,Patrick O'Neal,1992-07-10
rapppa01,Rapp,Patrick Leland,1992-07-10
nielsje01,Nielsen,Gerald Arthur,1992-07-12
youngke01,Young,Kevin Stacey,1992-07-12
millejo05,Millette,Joseph Anthony,1992-07-16
natalro01,Natal,Robert Marcel,1992-07-18
hernace01,Hernandez,Cesar Dario,1992-07-19
woodske01,Woodson,Walter Browne,1992-07-19
fortuti01,Fortugno,Timothy Shawn,1992-07-20
quantpa01,Quantrill,Paul John,1992-07-20
reynosh01,Reynolds,Richard Shane,1992-07-20
cordewi01,Cordero,Wilfredo,1992-07-24
diazal01,Diaz,Alexis,1992-07-25
shielto01,Shields,Thomas Charles,1992-07-25
wagnepa01,Wagner,Paul Alan,1992-07-26
valenjo02,Valentin,John William,1992-07-27
cookest01,Cooke,Steven Montague,1992-07-28
martial03,Martin,Albert Lee,1992-07-28
minorbl01,Minor,Blas,1992-07-28
moellde01,Moeller,Dennis Michael,1992-07-28
prattto02,Pratt,Todd Alan,1992-07-29
younger01,Young,Eric Orlando,1992-07-30
lewisri01,Lewis,Richie Todd,1992-07-31
wakefti01,Wakefield,Timothy Stephen,1992-07-31
lintodo01,Linton,Douglas Warren,1992-08-03
voigtja01,Voigt,John David,1992-08-03
whitema02,Whiteside,Matthew Christopher,1992-08-05
bartosh01,Barton,Shawn Edward,1992-08-06
brognri01,Brogna,Rico Joseph,1992-08-08
militsa01,Militello,Sam Salvatore,1992-08-09
hulseda01,Hulse,David Lindsey,1992-08-11
easleda01,Easley,Jacinto Damion,1992-08-13
raczkmi01,Raczka,Michael,1992-08-15
lakerti01,Laker,Timothy John,1992-08-18
boonebr01,Boone,Bret Robert,1992-08-19
trombmi01,Trombley,Michael Scott,1992-08-19
salmoti01,Salmon,Timothy James,1992-08-21
revento01,Revenig,Todd Michael,1992-08-24
wickmbo01,Wickman,Robert Joe,1992-08-24
hoseyst01,Hosey,Steven Bernard,1992-08-29
reedst01,Reed,Steven Vincent,1992-08-30
ryanke01,Ryan,Kenneth Frederick,1992-08-31
ashlebi01,Ashley,Billy Manual,1992-09-01
bournra01,Bournigal,Rafael Antonio,1992-09-01
greenwi01,Greene,Willie Louis,1992-09-01
niedda01,Nied,David Glen,1992-09-01
nieveme01,Nieves,Melvin,1992-09-01
piazzmi01,Piazza,Michael Joseph,1992-09-01
pughti01,Pugh,Timothy Dean,1992-09-01
thompry01,Thompson,Ryan Orlando,1992-09-01
maksumi01,Maksudian,Michael Bryant,1992-09-02
rogerke02,Rogers,Charles Kevin,1992-09-04
ayalabo01,Ayala,Robert Joseph,1992-09-05
cartela01,Carter,Larry Gene,1992-09-06
pierced01,Pierce,Edward John,1992-09-06
shephke01,Shepherd,Keith Wayne,1992-09-06
ramsefe01,Ramsey,Fernando David,1992-09-07
wilsoda01,Wilson,Daniel Allen,1992-09-07
brocado01,Brocail,Douglas Keith,1992-09-08
hathahi01,Hathaway,Hillary Houston,1992-09-08
willire02,Williams,Reginald Bernard,1992-09-08
haneyto01,Haney,Todd Michael,1992-09-09
hitchst01,Hitchcock,Sterling Alex,1992-09-11
martido02,Martinez,Domingo Emilio,1992-09-11
parksde01,Parks,Derek Gavin,1992-09-11
scheiri02,Scheid,Richard Paul,1992-09-11
hartsje01,Hartsock,Jeffrey Roger,1992-09-12
kleskry01,Klesko,Ryan Anthony,1992-09-12
mlickda01,Mlicki,David John,1992-09-12
smithda05,Smith,Daniel Scott,1992-09-12
velasgu01,Velasquez,Guillermo,1992-09-14
britobe01,Brito,Bernardo,1992-09-15
embreal01,Embree,Alan Duane,1992-09-15
willige02,Williams,Gerald Floyd,1992-09-15
taylosc01,Taylor,Rodney Scott,1992-09-17
valenjo03,Valentin,Jose Antonio,1992-09-17
alexama02,Alexander,Manuel de Jesus,1992-09-18
coloncr01,Colon,Cristobal,1992-09-18
costoti01,Costo,Timothy Roger,1992-09-18
lopezja01,Lopez,Javier,1992-09-18
tatumji01,Tatum,James Ray,1992-09-18
vitkojo01,Vitko,Joseph John,1992-09-18
hollije01,Hollins,Jessie Edward,1992-09-19
snowjt01,Snow,Jack Thomas,1992-09-20
martipe02,Martinez,Pedro Jaime,1992-09-24
borbope02,Borbon,Pedro Felix,1992-10-02
bolicfr01,Bolick,Frank Charles,1993-04-05
gilbe01,Gil,Romar Benjamin,1993-04-05
posesc01,Pose,Scott Vernon,1993-04-05
gomezpa01,Gomez,Patrick Alexander,1993-04-06
hoffmtr01,Hoffman,Trevor William,1993-04-06
kmakjo01,Kmak,Joseph Robert,1993-04-06
tinslle01,Tinsley,Lee Owen,1993-04-06
gohrgr01,Gohr,Gregory James,1993-04-07
hiattph01,Hiatt,Philip Farrell,1993-04-07
lansimi01,Lansing,Michael Thomas,1993-04-07
mohlemi01,Mohler,Michael Ross,1993-04-07
walbema01,Walbeck,Matthew Lovick,1993-04-07
brewebi01,Brewer,William Robert,1993-04-08
frazilo01,Frazier,Arthur Louis,1993-04-08
merribr01,Merriman,Brett Alan,1993-04-08
shermda02,Sherman,Darrell Edward,1993-04-08
arochre01,Arocha,Rene,1993-04-09
greenty01,Green,Tyler Scott,1993-04-09
boltoro01,Bolton,Rodney Earl,1993-04-10
cummijo01,Cummings,John Russell,1993-04-10
drapemi01,Draper,Michael Anthony,1993-04-10
nenro01,Nen,Robert Allen,1993-04-10
obandsh01,Obando,Sherman Omar,1993-04-10
vinafe01,Vina,Fernando,1993-04-10
lloydgr01,Lloyd,Graeme John,1993-04-11
mcmicgr01,McMichael,Gregory Winston,1993-04-12
gutieri01,Gutierrez,Ricardo,1993-04-13
tayloke01,Taylor,Kerry Thomas,1993-04-13
canatwi01,Canate,William Emisael,1993-04-16
hamptmi01,Hampton,Michael William,1993-04-17
pennibr01,Pennington,Brad Lee,1993-04-17
bogarti01,Bogar,Timothy Paul,1993-04-21
urbanto01,Urbani,Thomas James,1993-04-21
daalom01,Daal,Omar Jesus,1993-04-23
turnema01,Turner,William Matthew,1993-04-23
schwaje01,Schwarz,Jeffrey William,1993-04-24
tsamige01,Tsamis,George Alex,1993-04-26
browsc01,Brow,Scott John,1993-04-28
fredrsc01,Fredrickson,Scott Eric,1993-04-29
roberri02,Robertson,Richard Wayne,1993-04-30
tarasto01,Tarasco,Anthony Giacinto,1993-04-30
bronkje01,Bronkey,Jacob Jeffery,1993-05-02
mieskma01,Mieske,Matthew Todd,1993-05-03
buforda01,Buford,Damon Jackson,1993-05-04
gatesbr01,Gates,Brent Robert,1993-05-05
mearepa01,Meares,Patrick James,1993-05-05
cookan01,Cook,Andrew Bernard,1993-05-09
oleartr01,O'Leary,Troy Franklin,1993-05-09
dipotje01,Dipoto,Gerard Peter,1993-05-11
shinaza01,Shinall,Zakary Sebastien,1993-05-12
gaineja01,Gainer,Johnathan Keith,1993-05-14
williwo02,Williams,Gregory Scott,1993-05-14
shavejo01,Shave,Jonathan Taylor,1993-05-15
roperjo01,Roper,John Christopher,1993-05-16
mccarda01,McCarty,David Andrew,1993-05-17
lydysc01,Lydy,Donald Scott,1993-05-18
cedendo01,Cedeno,Domingo Antonio,1993-05-19
paintla01,Painter,Lance Telford,1993-05-19
conveji01,Converse,James Daniel,1993-05-22
wertzbi01,Wertz,William Charles,1993-05-22
armasma01,Armas,Marcos Rafael,1993-05-25
careypa01,Carey,Paul Stephan,1993-05-25
bereja01,Bere,Jason Phillip,1993-05-27
brummgr01,Brummett,Gregory Scott,1993-05-29
higgike01,Higgins,Kevin Wayne,1993-05-29
munozbo01,Munoz,Roberto,1993-05-29
castepe01,Castellano,Pedro Orlando,1993-05-30
byrdji01,Byrd,James Edward,1993-05-31
scottda01,Scott,Darryl Nelson,1993-05-31
paquecr01,Paquette,Craig Harold,1993-06-01
ettlema01,Ettles,Mark Edward,1993-06-05
miranan01,Miranda,Angel Luis,1993-06-05
owensja02,Owens,Claude Jayhawk,1993-06-06
butlero01,Butler,Robert Frank John,1993-06-12
telghda01,Telgheder,David William,1993-06-12
gonzala01,Gonzales,Lawrence Christopher,1993-06-13
guarded01,Guardado,Edward Adrain,1993-06-13
saunddo01,Saunders,Douglas Long,1993-06-13
lydenmi01,Lyden,Mitchell Scott,1993-06-16
sheltbe01,Shelton,Benjamin Davis,1993-06-16
wendetu01,Wendell,Steven John,1993-06-17
ruffcsc01,Ruffcorn,Scott Patrick,1993-06-19
correro01,Correia,Ronald Douglas,1993-06-20
burnije01,Burnitz,Jeromy Neal,1993-06-21
seleaa01,Sele,Aaron Helmer,1993-06-23
hammoje01,Hammonds,Jeffrey Bryan,1993-06-25
whitmda02,Whitmore,Darrell Lamont,1993-06-25
worreti01,Worrell,Timothy Howard,1993-06-25
leede01,Lee,Derek Gerald,1993-06-27
leskacu01,Leskanic,Curtis John,1993-06-27
odonojo02,O'Donoghue,John Preston,1993-06-27
martipe03,Martinez,Pedro,1993-06-29
evereca01,Everett,Carl Edward,1993-07-01
spradje01,Spradlin,Jerry Carl,1993-07-02
luebbla01,Luebbers,Larry Christopher,1993-07-03
holmabr02,Holman,Bradley Thomas,1993-07-04
lopezal02,Lopez,Albert Anthony,1993-07-06
newfima01,Newfield,Marc Alexander,1993-07-06
bergmse01,Bergman,Sean Frederick,1993-07-07
jonesto02,Jones,Todd Barton Givin,1993-07-07
rueteki01,Rueter,Kirk Wesley,1993-07-07
stockke01,Stocker,Kevin Douglas,1993-07-07
johnser03,Johnson,Erik Anthony,1993-07-08
watsoal01,Watson,Allen Kenneth,1993-07-08
gordoke01,Gordon,Keith Bradley,1993-07-09
moorema01,Moore,Marcus Braymont,1993-07-09
fletcpa01,Fletcher,Edward Paul,1993-07-11
burgoen01,Burgos,Enrique,1993-07-15
mejiaro02,Mejia,Roberto Antonio,1993-07-15
roberke01,Roberson,Kevin Lynn,1993-07-15
gomezch02,Gomez,Christopher Cory,1993-07-19
mondera01,Mondesi,Raul Ramon,1993-07-19
whitede04,White,Derrick Ramon,1993-07-22
huttoma01,Hutton,Mark Steven,1993-07-23
perezed01,Perez,Eduardo Atanacio,1993-07-27
ausmubr01,Ausmus,Bradley David,1993-07-28
siddajo01,Siddall,Joseph Todd,1993-07-28
vanbuty01,Van Burkleo,Tyler Lee,1993-07-28
leftwph01,Leftwich,Phillip Dale,1993-07-29
planter01,Plantenberg,Erik John,1993-07-31
shousbr01,Shouse,Brian Douglas,1993-07-31
tubbsgr01,Tubbs,Gregory Alan,1993-08-01
sandesc02,Sanders,Scott Gerald,1993-08-06
tavarju01,Tavarez,Julian,1993-08-07
dreyest01,Dreyer,Steven William,1993-08-08
jeando01,Jean,Domingo,1993-08-08
ruffijo01,Ruffin,Johnny Renando,1993-08-08
marreor01,Marrero,Oreste Vilato,1993-08-12
tombean01,Tomberlin,Andy Lee,1993-08-12
pirklgr01,Pirkl,Gregory Daniel,1993-08-13
turanbr01,Turang,Brian Craig,1993-08-13
jonesbo03,Jones,Robert Joseph,1993-08-14
oquismi01,Oquist,Michael Lee,1993-08-14
desiljo01,DeSilva,John Reed,1993-08-15
karsast01,Karsay,Stefan Andrew,1993-08-17
holzema01,Holzemer,Mark Harold,1993-08-21
koellbr01,Koelling,Brian Wayne,1993-08-21
mcgehke01,McGehee,George Kevin,1993-08-23
turnech01,Turner,Christopher Wan,1993-08-27
faneyri01,Faneyte,Rikkert,1993-08-29
hopejo01,Hope,John Alan,1993-08-29
torresa01,Torres,Salomon,1993-08-29
ortizlu01,Ortiz,Luis Alberto,1993-08-31
baileco01,Bailey,Philip Cory,1993-09-01
oliveda02,Oliver,Darren Christopher,1993-09-01
smithro02,Smithberg,Roger Craig,1993-09-01
whitero02,White,Rondell Bernard,1993-09-01
kingke01,King,Kevin Ray,1993-09-02
ramirma02,Ramirez,Manuel Aristides,1993-09-02
batchri01,Batchelor,Richard Anthony,1993-09-03
bushich01,Bushing,Christopher Shaun,1993-09-03
johnsjo07,Johnstone,John William,1993-09-03
longmto01,Longmire,Anthony Eugene,1993-09-03
philljr01,Phillips,Charles Gene,1993-09-03
helfaer01,Helfand,Eric James,1993-09-04
blossgr01,Blosser,Gregory Brent,1993-09-05
mcneeje01,McNeely,Jeffrey Lavern,1993-09-05
powelro01,Powell,Ross John,1993-09-05
brookje01,Brooks,Jerome Edward,1993-09-06
navarti01,Navarro,Norberto,1993-09-06
abbotku01,Abbott,Kurt Thomas,1993-09-07
andermi02,Anderson,Michael James,1993-09-07
crometr01,Cromer,Roy Bunyan,1993-09-07
dixonst01,Dixon,Steven Ross,1993-09-07
lopezlu02,Lopez,Luis Manuel,1993-09-07
maclilo01,Maclin,Lonnie Lee,1993-09-07
montoch01,Montoyo,Jose Carlos,1993-09-07
swingpa01,Swingle,Paul Christopher,1993-09-07
huskebu01,Huskey,Robert Leon,1993-09-08
salkero01,Salkeld,Roger William,1993-09-08
statoda01,Staton,David Alan,1993-09-08
wilsoni01,Wilson,Nigel Edward,1993-09-08
auderi01,Aude,Richard Thomas,1993-09-09
carabra01,Caraballo,Ramon,1993-09-09
edmonji01,Edmonds,James Patrick,1993-09-09
micelda01,Miceli,Daniel,1993-09-09
anderbr02,Anderson,Brian James,1993-09-10
beckeri01,Becker,Richard Godhard,1993-09-10
cummimi01,Cummings,Midre Almeric,1993-09-10
hockide01,Hocking,Dennis Lee,1993-09-10
stahosc01,Stahoviak,Scott Edmund,1993-09-10
womacto01,Womack,Anthony Darrell,1993-09-10
jonesch06,Jones,Larry Wayne,1993-09-11
fosteke01,Foster,Kevin Christopher,1993-09-12
hamelbo01,Hamelin,Robert James,1993-09-12
jimenmi01,Jimenez,Miguel Anthony,1993-09-12
minchna01,Minchey,Nathan Derek,1993-09-12
flenehu01,Flener,Gregory Alan,1993-09-14
pridecu01,Pride,Curtis John,1993-09-14
bautida01,Bautista,Daniel,1993-09-15
kessike01,Kessinger,Robert Keith,1993-09-15
grangje01,Granger,Jeffrey Adam,1993-09-16
floydcl01,Floyd,Cornelius Clifford,1993-09-18
trachst01,Trachsel,Stephen Christopher,1993-09-19
zambred01,Zambrano,Eduardo Jose,1993-09-19
kiefema01,Kiefer,Mark Andrew,1993-09-20
martino01,Martin,Norberto Enrique,1993-09-20
howarch02,Howard,Christian,1993-09-21
ronanma01,Ronan,Edward Marcus,1993-09-21
loonebr01,Looney,Brian James,1993-09-26
greensh01,Green,Shawn David,1993-09-28
greerke01,Greer,Kenneth William,1993-09-29
delgaca01,Delgado,Carlos Juan,1993-10-01
carrahe01,Carrasco,Hector,1994-04-04
davisti01,Davis,Timothy Howard,1994-04-04
gonzaal01,Gonzalez,Alexander Scott,1994-04-04
hurstja01,Hurst,James Lavon,1994-04-04
hyersti01,Hyers,Timothy James,1994-04-04
ilslebl01,Ilsley,Blaise Francis,1994-04-04
moutoja01,Mouton,James Raleigh,1994-04-04
petagro01,Petagine,Roberto Antonio,1994-04-04
sageraj01,Sager,Anthony Joseph,1994-04-04
garagke01,Garagozzo,Keith John,1994-04-05
halljo02,Hall,Joseph Geroy,1994-04-05
johnsbr01,Johnson,Brian David,1994-04-05
kellymi02,Kelly,Michael Raymond,1994-04-05
lockhke01,Lockhart,Keith Virgil,1994-04-05
stinnke01,Stinnett,Kelly Lee,1994-04-05
taylobi04,Taylor,William Howell,1994-04-05
jarvike01,Jarvis,Kevin Thomas,1994-04-06
spoljpa01,Spoljaric,Paul Nikola,1994-04-06
whiteri01,White,Richard Allen,1994-04-06
dreifda01,Dreifort,Darren James,1994-04-07
mathemi01,Matheny,Michael Scott,1994-04-07
reyesca01,Reyes,Carlos Alberto,1994-04-07
parkch01,Park,Chan Ho,1994-04-08
pulidca01,Pulido,Juan Carlos,1994-04-09
cruzfa01,Cruz,Fausto,1994-04-10
helliri01,Helling,Ricky Allen,1994-04-10
braggda01,Bragg,Darren William,1994-04-12
hendero01,Henderson,Rodney Wood,1994-04-19
tabakje01,Tabaka,Jeffrey Jon,1994-04-19
limajo01,Lima,Jose Desiderio Rodriguez,1994-04-20
elliodo01,Elliott,Donald Glenn,1994-04-23
hudekjo01,Hudek,John Raymond,1994-04-23
mabryjo01,Mabry,John Steven,1994-04-23
fabrejo01,Fabregas,Jorge,1994-04-24
smithwi03,Smith,Willie Everett,1994-04-25
eenhoro01,Eenhoorn,Robert Franciscus,1994-04-27
cimorfr01,Cimorelli,Frank Thomas,1994-04-30
eversbr01,Eversgerd,Bryan David,1994-04-30
hallda01,Hall,Michael Darren,1994-04-30
holbera01,Holbert,Ray Arthur,1994-05-02
cartean01,Carter,Andrew Godfrey,1994-05-03
dunnst02,Dunn,Steven Robert,1994-05-03
ogeach01,Ogea,Chad Wayne,1994-05-03
perryhe01,Perry,Herbert Edward,1994-05-03
johnsch04,Johnson,Charles Edward,1994-05-06
mordemi01,Mordecai,Michael Howard,1994-05-08
shueypa01,Shuey,Paul Kenneth,1994-05-08
finnvga01,Finnvold,Anders Gar,1994-05-10
martijo06,Martinez,Jose Miguel,1994-05-10
veresda01,Veres,David Scott,1994-05-10
cirilje01,Cirillo,Jeffrey Howard,1994-05-11
acrema01,Acre,Mark Robert,1994-05-13
smithma03,Smith,Mark Edward,1994-05-14
ingraga01,Ingram,Garey Lamar,1994-05-15
liebejo01,Lieber,Jonathan Ray,1994-05-15
greerru01,Greer,Thurman Clyde,1994-05-16
ohallgr01,O'Halloran,Gregory Joseph,1994-05-16
wellsbo01,Wells,Robert Lee,1994-05-16
younger02,Young,Ernest Wesley,1994-05-17
steveda01,Stevens,David James,1994-05-20
vanlawi01,VanLandingham,William Joseph,1994-05-21
tavarje01,Tavarez,Jesus Rafael,1994-05-23
hamiljo02,Hamilton,Johns Joseph,1994-05-24
borlato02,Borland,Toby Shawn,1994-05-27
whitega01,White,Gabriel Allen,1994-05-27
saenzol01,Saenz,Olmedo,1994-05-28
johnsda05,Johnson,Dane Edward,1994-05-30
mercejo02,Mercedes,Jose Miguel,1994-05-31
brumldu01,Brumley,Duff Lechaun,1994-06-01
haynehe01,Haynes,Heath Burnett,1994-06-01
klingsc01,Klingenbeck,Scott Edward,1994-06-02
pyeed01,Pye,Robert Edward,1994-06-03
stidhph01,Stidham,Phillip Wayne,1994-06-04
dalesma01,Dalesandro,Mark Anthony,1994-06-06
cornebr01,Cornett,Brad Byron,1994-06-08
milleku01,Miller,Kurt Everett,1994-06-11
smallaa01,Small,Aaron James,1994-06-11
burrote01,Burrows,Terry Dale,1994-06-12
darwije01,Darwin,Jeffrey Scott,1994-06-13
valdeis01,Valdez,Ismael,1994-06-15
dettmjo01,Dettmer,John Franklin,1994-06-16
mackqu01,Mack,Quinn David,1994-06-16
eischjo01,Eischen,Joseph Raymond,1994-06-19
ingrari01,Ingram,Riccardo Benay,1994-06-26
vanegti01,Van Egmond,Timothy Layne,1994-06-26
huntebr02,Hunter,Brian Lee,1994-06-27
liebemi01,Lieberthal,Michael Scott,1994-06-30
olivajo01,Oliva,Jose,1994-07-01
jacomja01,Jacome,Jason James,1994-07-02
davisru01,Davis,Russell Stuart,1994-07-06
peguest01,Pegues,Steven Antone,1994-07-06
hubbatr01,Hubbard,Trenidad Aviel,1994-07-07
milleor01,Miller,Orlando,1994-07-08
rodrial01,Rodriguez,Alexander Enmanuel,1994-07-08
ausanjo01,Ausanio,Joseph John,1994-07-14
mcdavra01,McDavid,Ray Darnell,1994-07-15
floribr01,Florie,Bryce Bettencourt,1994-07-17
lorraan01,Lorraine,Andrew Jason,1994-07-17
matosfr01,Matos,Francisco Aguirre,1994-07-17
glinage01,Glinatsis,George,1994-07-18
schuler01,Schullstrom,Erik Paul,1994-07-18
perezro01,Perez,Robert Alexander,1994-07-20
frascjo01,Frascatore,John Vincent,1994-07-21
woodabr01,Woodall,David Bradley,1994-07-22
buckega02,Buckels,Gary Scott,1994-07-23
castiju02,Castillo,Juan Francisco,1994-07-26
thompma01,Thompson,Mark Radford,1994-07-26
anderga01,Anderson,Garret Joseph,1994-07-27
benitar01,Benitez,Armando German,1994-07-28
bottari01,Bottalico,Ricky Paul,1994-07-29
czajkji01,Czajkowski,James Mark,1994-07-29
phoenst01,Phoenix,Steven Robert,1994-07-30
bowieji01,Bowie,James R.,1994-08-03
singldu01,Singleton,Duane Earl,1994-08-04
dunbama01,Dunbar,Matthew Marshall,1995-04-25
hollato01,Hollandsworth,Todd Mathew,1995-04-25
myersmi01,Myers,Michael Stanley,1995-04-25
osunaan01,Osuna,Antonio Pedro,1995-04-25
verasqu01,Veras,Quilvio Alberto,1995-04-25
alfoned01,Alfonzo,Edgardo Antonio,1995-04-26
andresh01,Andrews,Darrell Shane,1995-04-26
batesja01,Bates,Jason Charles,1995-04-26
battlal01,Battle,Allen Zelmo,1995-04-26
chrisja01,Christiansen,Jason Samuel,1995-04-26
clontbr01,Clontz,John Bradley,1995-04-26
cordoma01,Cordova,Martin Kevin,1995-04-26
durhara01,Durham,Ray,1995-04-26
eddych01,Eddy,Christopher Mark,1995-04-26
fordybr01,Fordyce,Brook Alexander,1995-04-26
higgibo02,Higginson,Robert Leigh,1995-04-26
johnsma01,Johnson,Mark Patrick,1995-04-26
marquis01,Marquez,Isidro,1995-04-26
nunnajo01,Nunnally,Jonathan Keith,1995-04-26
oterori01,Otero,Ricardo,1995-04-26
pemberu01,Pemberton,Rudy Hector,1995-04-26
percitr01,Percival,Troy Eugene,1995-04-26
piercje01,Pierce,Jeffrey Charles,1995-04-26
rodrifr02,Rodriguez,Francisco,1995-04-26
timmooz01,Timmons,Osborne Llewellyn,1995-04-26
tuckemi01,Tucker,Michael Anthony,1995-04-26
alberjo01,Alberro,Jose Edgardo,1995-04-27
bailero01,Bailey,Charles Roger,1995-04-27
beruman01,Berumen,Andres,1995-04-27
doughji01,Dougherty,James Elliott,1995-04-27
heredwi01,Heredia,Wilson,1995-04-27
lirafe01,Lira,Antonio Felipe,1995-04-27
lomonke01,Lomon,Kevin Dale,1995-04-27
menhapa01,Menhart,Paul Gerard,1995-04-27
perezca01,Perez,Carlos Gross,1995-04-27
reyesal01,Reyes,Rafael Alberto,1995-04-27
blomdbe01,Blomdahl,Benjamin Earl,1995-04-28
fonvich01,Fonville,Chad Everette,1995-04-28
grudzma01,Grudzielanek,Mark James,1995-04-28
hansegr01,Hansell,Gregory Michael,1995-04-28
pennsh01,Penn,Shannon Dion,1995-04-28
schmicu01,Schmidt,Curtis Allen,1995-04-28
schmija01,Schmidt,Jason David,1995-04-28
sparkst01,Sparks,Steven William,1995-04-28
steveto01,Steverson,Todd Anthony,1995-04-28
villoro01,Villone,Ronald Thomas,1995-04-28
wilsoga03,Wilson,Gary Morris,1995-04-28
cornere01,Cornelius,Jonathan Reid,1995-04-29
hawkila01,Hawkins,LaTroy,1995-04-29
jamesmi01,James,Michael Elmo,1995-04-29
loaizes01,Loaiza,Esteban Antonio,1995-04-29
pettian01,Pettitte,Andrew Eugene,1995-04-29
radkebr01,Radke,Brad William,1995-04-29
torredi01,Torres,Dilson Dario,1995-04-29
vitiejo01,Vitiello,Joseph David,1995-04-29
whitese01,Whiteside,David Sean,1995-04-29
willito02,Williams,Todd Michael,1995-04-29
aceveju01,Acevedo,Juan Carlos,1995-04-30
baldwja01,Baldwin,James,1995-04-30
boehrbr01,Boehringer,Brian Edward,1995-04-30
britojo01,Brito,Jorge Manuel,1995-04-30
hookch01,Hook,Christopher Wayne,1995-04-30
munozno01,Munoz,Noe,1995-04-30
patteje01,Patterson,Jeffrey Simmons,1995-04-30
randajo01,Randa,Joseph Gregory,1995-04-30
rodrist01,Rodriguez,Steven James,1995-04-30
rossejo01,Rosselli,Joseph Donald,1995-04-30
wengedo01,Wengert,Donald Paul,1995-04-30
encaran01,Encarnacion,Angelo Benjamin,1995-05-02
eshelva01,Eshelman,Vaughn Michael,1995-05-02
garcifr01,Garcia,Freddy Adrian,1995-05-02
nomohi01,Nomo,Hideo,1995-05-02
bellda01,Bell,David Michael,1995-05-03
hartgde01,Hartgraves,Dean Charles,1995-05-03
perezto03,Perez,Tomas Orlando,1995-05-03
sturtta01,Sturtze,Tanyon James,1995-05-03
bradste01,Bradshaw,Terry Leon,1995-05-04
grottma01,Grott,Matthew Allen,1995-05-04
karlsc01,Karl,Randall Scott,1995-05-04
bochtdo01,Bochtler,Douglas Eugene,1995-05-05
bunchme01,Bunch,Melvin Lynn,1995-05-06
courtjo01,Courtright,John Charles,1995-05-06
mccurje01,McCurry,Jeffrey Dee,1995-05-06
mimbsmi01,Mimbs,Michael Randall,1995-05-06
sullisc01,Sullivan,William Scott,1995-05-06
parrajo01,Parra,Jose Miguel,1995-05-07
giambja01,Giambi,Jason Gilbert,1995-05-08
hermadu01,Hermanson,Dustin Michael,1995-05-08
urbinug01,Urbina,Ugueth Urtain,1995-05-09
edenfke01,Edenfield,Kenneth Edward,1995-05-11
rodrife01,Rodriguez,Felix Antonio,1995-05-13
benneer01,Bennett,Erik Hans,1995-05-15
nichtch01,Nichting,Christopher Thomas,1995-05-15
carmora01,Carmona,Rafael,1995-05-18
mintzst01,Mintz,Stephen Wayne,1995-05-18
stynech01,Stynes,Christopher Desmond,1995-05-19
rightro01,Rightnowar,Ronald Gene,1995-05-20
robersi01,Roberson,Sidney Dean,1995-05-20
mahayro01,Mahay,Ronald Matthew,1995-05-21
hurtaed01,Hurtado,Edwin Amilgar,1995-05-22
pittsji01,Pittsley,James Michael,1995-05-23
riverma01,Rivera,Mariano,1995-05-23
maxcybr01,Maxcy,David Brian,1995-05-26
harikti01,Harikkala,Timothy Allan,1995-05-27
castial01,Castillo,Alberto Terrero,1995-05-28
jeterde01,Jeter,Derek Sanderson,1995-05-29
normale01,Norman,Leslie Eugene,1995-05-29
unroeti01,Unroe,Timothy Brian,1995-05-30
gibrast01,Gibralter,Stephan Benson,1995-06-01
goodwcu01,Goodwin,Curtis LaMar,1995-06-02
keysebr01,Keyser,Brian Lee,1995-06-02
devarce01,Devarez,Cesar Salvatore,1995-06-03
nitkocj01,Nitkowski,Christopher John,1995-06-03
kowitbr01,Kowitz,Brian Mark,1995-06-04
owenser01,Owens,Eric Blake,1995-06-06
moutoly01,Mouton,Lyle Joseph,1995-06-07
walkepe01,Walker,Peter Brian,1995-06-07
cacered01,Caceres,Edgar Fidel,1995-06-08
barryje01,Barry,Jeffrey Finas,1995-06-09
hudsojo02,Hudson,Joseph Paul,1995-06-10
nevinph01,Nevin,Phillip Joseph,1995-06-11
ahearpa01,Ahearne,Patrick Howard,1995-06-14
schalge01,Schall,Eugene David,1995-06-16
pulsibi01,Pulsipher,William Thomas,1995-06-17
mantema01,Mantei,Matthew Bruce,1995-06-18
cedenro01,Cedeno,Roger Leandro,1995-06-20
parrist01,Parris,Steven Michael,1995-06-21
dishmgl01,Dishman,Glenelg Edward,1995-06-22
crabtti01,Crabtree,Timothy Lyle,1995-06-23
jordari03,Jordan,Ricardo,1995-06-23
karpry01,Karp,Ryan Jason,1995-06-23
masteda01,Masteller,Dan Patrick,1995-06-23
widgech01,Widger,Christopher Jon,1995-06-23
erickjo01,Ericks,John Edward,1995-06-24
givenbr01,Givens,Brian Allen,1995-06-24
martisa01,Martinez,Angel Sandy,1995-06-24
zaungr01,Zaun,Gregory Owen,1995-06-24
palmeor01,Palmeiro,Orlando,1995-07-01
tremich01,Tremie,Christopher James,1995-07-01
ledesaa01,Ledesma,Aaron David,1995-07-02
prietar01,Prieto,Ariel,1995-07-02
barkbr01,Bark,Brian Stuart,1995-07-06
morelra01,Morel,Ramon Rafael,1995-07-06
krivdri01,Krivda,Rick Michael,1995-07-07
kroonma01,Kroon,Marc Jason,1995-07-07
johnsdo04,Johns,Douglas Alan,1995-07-08
borowjo01,Borowski,Joseph Thomas,1995-07-09
thomami01,Thomas,Michael Steven,1995-07-12
hubbami01,Hubbard,Michael Wayne,1995-07-13
willige03,Williams,George Erik,1995-07-14
bakersc01,Baker,Scott,1995-07-17
isrinja01,Isringhausen,Jason Derik,1995-07-17
mcandja01,McAndrew,James Brian,1995-07-17
suppaje01,Suppan,Jeffrey Scot,1995-07-17
karchma01,Karchner,Matthew Dean,1995-07-18
valdeca01,Valdez,Carlos Luis,1995-07-18
wojcist01,Wojciechowski,Steven Joseph,1995-07-18
rekarbr01,Rekar,Bryan Robert,1995-07-19
sirotmi01,Sirotka,Michael Robert,1995-07-19
brandma01,Brandenburg,Mark Clay,1995-07-20
robinke01,Robinson,Kenneth Neal,1995-07-20
brewija01,Brewington,Jamie Chancellor,1995-07-24
byrdpa01,Byrd,Paul Gregory,1995-07-28
mathetj01,Mathews,Timothy Jay,1995-07-28
taylosc02,Taylor,Scott Michael,1995-07-28
bertomi01,Bertotti,Michael David,1995-07-29
carragi01,Carrara,Giovanni,1995-07-29
rogerji02,Rogers,James Randall,1995-07-30
snopech01,Snopek,Christopher Charles,1995-07-31
coomero01,Coomer,Ronald Bryan,1995-08-01
watkisc01,Watkins,Scott Allen,1995-08-01
santafp01,Santangelo,Frank-Paul,1995-08-02
konusde01,Konuszewski,Dennis John,1995-08-04
sweenma01,Sweeney,Mark Patrick,1995-08-04
fermira01,Fermin,Ramon Antonio,1995-08-06
munozos01,Munoz,Juan Oscar,1995-08-06
floredo01,Florence,Donald Emery,1995-08-08
jordake01,Jordan,Kevin Wayne,1995-08-08
adamste01,Adams,Terry Wayne,1995-08-10
thomala01,Thomas,Larry Wayne,1995-08-11
barbebr02,Barber,Brian Scott,1995-08-12
cooksbr01,Cookson,Brent Adam,1995-08-12
damonjo01,Damon,Johnny David,1995-08-12
dedriji01,Dedrick,James Michael,1995-08-12
herrejo02,Herrera,Jose Ramon,1995-08-12
murrama01,Murray,Matthew Michael,1995-08-12
simasbi01,Simas,William Anthony,1995-08-15
wolcobo01,Wolcott,Robert William,1995-08-18
alvarta01,Alvarez,Cesar Octavio,1995-08-21
wasdijo01,Wasdin,John Truman,1995-08-24
bruskji01,Bruske,James Scott,1995-08-25
camermi01,Cameron,Michael Terrance,1995-08-27
valdema01,Valdes,Marc Christopher,1995-08-28
buschmi01,Busch,Michael Anthony,1995-08-30
gracemi02,Grace,Michael James,1995-09-01
hoseydw01,Hosey,Dwayne Samuel,1995-09-01
castrju01,Castro,Juan Gabriel,1995-09-02
garcika01,Garcia,Gustavo Karim,1995-09-02
stewash01,Stewart,Shannon Harold,1995-09-02
walldo01,Wall,Donnell Lee,1995-09-02
wareje01,Ware,Jeffrey Allan,1995-09-02
clarkto02,Clark,Anthony Christopher,1995-09-03
hancole01,Hancock,Leland David,1995-09-03
riverro01,Rivera,Roberto,1995-09-03
riverru01,Rivera,Ruben,1995-09-03
swartda01,Swartzbaugh,David Theodore,1995-09-03
davissc01,Davison,Scotty Ray,1995-09-04
huismri01,Huisman,Richard Allen,1995-09-04
loretma01,Loretta,Mark David,1995-09-04
mecirji01,Mecir,James Jason,1995-09-04
posadjo01,Posada,Jorge Rafael,1995-09-04
sodowcl01,Sodowsky,Clint Rea,1995-09-04
sweenmi01,Sweeney,Michael John,1995-09-04
battlho01,Battle,Howard Dion,1995-09-05
benarma01,Benard,Marvin Larry,1995-09-05
bradydo01,Brady,Stephen Douglas,1995-09-05
lawtoma02,Lawton,Matthew,1995-09-05
aurilri01,Aurilia,Richard Santo,1995-09-06
francma01,Franco,Matthew Neil,1995-09-06
andujlu01,Andujar,Luis,1995-09-08
hattesc01,Hatteberg,Scott Allen,1995-09-08
riccich01,Ricci,Charles Mark,1995-09-08
sefcike01,Sefcik,Kevin John,1995-09-08
giovaed01,Giovanola,Edward Thomas,1995-09-10
mayda02,May,Darrell Kevin,1995-09-10
perezed02,Perez,Eduardo Rafael,1995-09-10
powelja04,Powell,James Willard,1995-09-10
pozoar01,Pozo,Arquimedez,1995-09-12
thobeto01,Thobe,Thomas Neal,1995-09-12
wadete01,Wade,Hawatha Terrell,1995-09-12
hayneji01,Haynes,Jimmy Wayne,1995-09-13
sprinde01,Springer,Dennis LeRoy,1995-09-13
wagnebi02,Wagner,William Edward,1995-09-13
benitya01,Benitez,Yamil Antonio,1995-09-15
hajekda01,Hajek,David Vincent,1995-09-15
estessh01,Estes,Aaron Shawn,1995-09-16
gilesbr02,Giles,Brian Stephen,1995-09-16
counscr01,Counsell,Craig John,1995-09-17
creekdo01,Creek,Paul Douglas,1995-09-17
mccraqu01,McCracken,Quinton Antoine,1995-09-17
raabebr01,Raabe,Brian Charles,1995-09-17
ochoaal01,Ochoa,Alex,1995-09-18
persoro01,Person,Robert Alan,1995-09-18
thobejj01,Thobe,John Joseph,1995-09-18
benesal01,Benes,Alan Paul,1995-09-19
roajo01,Roa,Joseph Rodger,1995-09-20
bennega01,Bennett,Gary David,1995-09-24
